frequency,raw,smoothed,error,error_smoothed,equalization,parametric_eq,equalized_raw,equalized_smoothed,target
20.00,-13.16,-13.15,2.97,2.98,-3.03,-2.53,-16.19,-16.18,-16.13
20.20,-12.92,-12.93,3.00,2.99,-2.98,-2.55,-15.90,-15.91,-15.92
20.40,-12.70,-12.71,3.00,2.99,-2.95,-2.58,-15.65,-15.65,-15.70
20.61,-12.50,-12.50,2.97,2.97,-2.92,-2.60,-15.41,-15.42,-15.47
20.81,-12.31,-12.31,2.92,2.92,-2.90,-2.62,-15.21,-15.21,-15.23
21.02,-12.13,-12.13,2.87,2.87,-2.88,-2.65,-15.01,-15.01,-15.00
21.23,-11.94,-11.93,2.83,2.84,-2.88,-2.67,-14.81,-14.81,-14.77
21.44,-11.72,-11.72,2.83,2.83,-2.88,-2.69,-14.60,-14.60,-14.55
21.66,-11.50,-11.50,2.84,2.84,-2.89,-2.72,-14.39,-14.39,-14.34
21.87,-11.26,-11.25,2.88,2.89,-2.92,-2.74,-14.18,-14.17,-14.14
22.09,-11.00,-11.00,2.95,2.94,-2.96,-2.77,-13.96,-13.95,-13.94
22.31,-10.74,-10.74,3.01,3.01,-2.99,-2.79,-13.73,-13.73,-13.75
22.54,-10.49,-10.49,3.06,3.06,-3.02,-2.82,-13.51,-13.51,-13.55
22.76,-10.27,-10.27,3.08,3.07,-3.02,-2.84,-13.29,-13.29,-13.35
22.99,-10.09,-10.08,3.05,3.05,-2.99,-2.87,-13.08,-13.08,-13.13
23.22,-9.93,-9.93,2.99,2.99,-2.94,-2.90,-12.87,-12.87,-12.91
23.45,-9.79,-9.80,2.89,2.89,-2.87,-2.92,-12.66,-12.67,-12.69
23.69,-9.68,-9.68,2.77,2.78,-2.78,-2.95,-12.46,-12.46,-12.46
23.92,-9.57,-9.57,2.66,2.66,-2.68,-2.98,-12.25,-12.25,-12.22
24.16,-9.45,-9.44,2.55,2.56,-2.59,-3.01,-12.04,-12.03,-12.00
24.40,-9.31,-9.30,2.48,2.48,-2.51,-3.04,-11.81,-11.81,-11.78
24.65,-9.15,-9.15,2.43,2.42,-2.44,-3.06,-11.59,-11.59,-11.57
24.89,-8.98,-8.98,2.40,2.40,-2.40,-3.09,-11.38,-11.38,-11.38
25.14,-8.80,-8.80,2.39,2.39,-2.39,-3.12,-11.19,-11.19,-11.19
25.39,-8.60,-8.61,2.41,2.40,-2.41,-3.15,-11.01,-11.01,-11.01
25.65,-8.39,-8.39,2.44,2.44,-2.46,-3.18,-10.85,-10.85,-10.83
25.91,-8.16,-8.16,2.50,2.50,-2.54,-3.21,-10.70,-10.69,-10.66
26.16,-7.89,-7.88,2.60,2.60,-2.64,-3.24,-10.53,-10.53,-10.48
26.43,-7.58,-7.58,2.72,2.73,-2.76,-3.27,-10.34,-10.34,-10.30
26.69,-7.24,-7.24,2.88,2.88,-2.89,-3.30,-10.14,-10.13,-10.12
26.96,-6.89,-6.90,3.04,3.04,-3.01,-3.34,-9.91,-9.91,-9.94
27.23,-6.57,-6.57,3.19,3.19,-3.12,-3.37,-9.69,-9.69,-9.75
27.50,-6.26,-6.27,3.31,3.30,-3.22,-3.40,-9.48,-9.49,-9.57
27.77,-6.02,-6.03,3.36,3.36,-3.29,-3.43,-9.31,-9.32,-9.39
28.05,-5.82,-5.82,3.38,3.38,-3.34,-3.46,-9.16,-9.17,-9.20
28.33,-5.64,-5.64,3.38,3.38,-3.39,-3.50,-9.03,-9.03,-9.02
28.62,-5.46,-5.45,3.38,3.39,-3.44,-3.53,-8.90,-8.90,-8.84
28.90,-5.25,-5.24,3.41,3.41,-3.50,-3.56,-8.75,-8.74,-8.66
29.19,-5.00,-4.99,3.47,3.48,-3.57,-3.60,-8.57,-8.56,-8.47
29.48,-4.70,-4.69,3.59,3.60,-3.65,-3.63,-8.35,-8.35,-8.29
29.78,-4.37,-4.37,3.74,3.74,-3.74,-3.67,-8.11,-8.11,-8.11
30.08,-4.05,-4.05,3.88,3.88,-3.82,-3.70,-7.87,-7.88,-7.93
30.38,-3.76,-3.78,4.00,3.98,-3.89,-3.74,-7.65,-7.67,-7.75
30.68,-3.56,-3.56,4.03,4.03,-3.94,-3.77,-7.50,-7.50,-7.59
30.99,-3.39,-3.39,4.02,4.02,-3.97,-3.81,-7.36,-7.36,-7.42
31.30,-3.27,-3.27,3.98,3.98,-3.97,-3.84,-7.24,-7.24,-7.25
31.61,-3.16,-3.15,3.93,3.93,-3.96,-3.88,-7.12,-7.11,-7.08
31.93,-3.03,-3.03,3.89,3.89,-3.95,-3.92,-6.98,-6.97,-6.92
32.24,-2.88,-2.87,3.87,3.87,-3.94,-3.95,-6.82,-6.81,-6.75
32.57,-2.69,-2.69,3.89,3.89,-3.94,-3.99,-6.63,-6.63,-6.58
32.89,-2.47,-2.47,3.94,3.94,-3.96,-4.03,-6.43,-6.43,-6.41
33.22,-2.24,-2.24,3.99,3.99,-3.99,-4.07,-6.23,-6.23,-6.24
33.55,-2.01,-2.02,4.05,4.05,-4.03,-4.10,-6.04,-6.04,-6.07
33.89,-1.80,-1.80,4.10,4.10,-4.06,-4.14,-5.86,-5.86,-5.90
34.23,-1.61,-1.61,4.12,4.12,-4.08,-4.18,-5.69,-5.69,-5.74
34.57,-1.45,-1.45,4.13,4.13,-4.09,-4.22,-5.53,-5.54,-5.58
34.92,-1.32,-1.32,4.12,4.11,-4.08,-4.26,-5.40,-5.40,-5.43
35.27,-1.20,-1.20,4.09,4.09,-4.07,-4.30,-5.27,-5.28,-5.29
35.62,-1.10,-1.10,4.06,4.06,-4.07,-4.34,-5.16,-5.16,-5.15
35.97,-0.98,-0.98,4.04,4.04,-4.07,-4.38,-5.06,-5.06,-5.02
36.33,-0.84,-0.84,4.05,4.05,-4.10,-4.42,-4.94,-4.94,-4.89
36.70,-0.66,-0.65,4.08,4.09,-4.15,-4.46,-4.82,-4.81,-4.75
37.06,-0.42,-0.42,4.18,4.18,-4.23,-4.50,-4.65,-4.65,-4.61
37.43,-0.15,-0.15,4.31,4.31,-4.33,-4.54,-4.48,-4.48,-4.46
37.81,0.13,0.13,4.45,4.45,-4.44,-4.58,-4.30,-4.30,-4.32
38.19,0.41,0.41,4.59,4.58,-4.55,-4.62,-4.13,-4.14,-4.18
38.57,0.66,0.66,4.70,4.70,-4.65,-4.66,-3.99,-3.99,-4.04
38.95,0.89,0.88,4.79,4.79,-4.75,-4.70,-3.86,-3.86,-3.90
39.34,1.08,1.08,4.85,4.85,-4.82,-4.75,-3.74,-3.74,-3.77
39.74,1.25,1.25,4.89,4.89,-4.88,-4.79,-3.62,-3.62,-3.63
40.14,1.41,1.41,4.92,4.92,-4.92,-4.83,-3.50,-3.50,-3.50
40.54,1.57,1.57,4.94,4.94,-4.95,-4.87,-3.38,-3.38,-3.37
40.94,1.72,1.72,4.97,4.97,-4.98,-4.91,-3.26,-3.26,-3.25
41.35,1.87,1.87,5.00,5.00,-5.01,-4.96,-3.14,-3.14,-3.13
41.76,2.02,2.02,5.04,5.04,-5.05,-5.00,-3.03,-3.03,-3.02
42.18,2.18,2.18,5.09,5.09,-5.10,-5.04,-2.91,-2.91,-2.91
42.60,2.35,2.35,5.15,5.14,-5.15,-5.08,-2.81,-2.81,-2.80
43.03,2.52,2.52,5.21,5.21,-5.22,-5.13,-2.70,-2.70,-2.69
43.46,2.69,2.69,5.29,5.29,-5.30,-5.17,-2.60,-2.60,-2.60
43.90,2.87,2.87,5.38,5.38,-5.38,-5.21,-2.51,-2.51,-2.51
44.33,3.05,3.05,5.47,5.47,-5.47,-5.26,-2.42,-2.42,-2.42
44.78,3.23,3.23,5.57,5.56,-5.56,-5.30,-2.33,-2.33,-2.33
45.23,3.42,3.42,5.66,5.66,-5.66,-5.34,-2.24,-2.24,-2.24
45.68,3.60,3.60,5.75,5.75,-5.74,-5.39,-2.15,-2.15,-2.15
46.13,3.78,3.78,5.84,5.83,-5.83,-5.43,-2.05,-2.05,-2.06
46.60,3.95,3.96,5.91,5.91,-5.90,-5.47,-1.95,-1.95,-1.95
47.06,4.13,4.13,5.97,5.97,-5.97,-5.52,-1.84,-1.84,-1.85
47.53,4.30,4.30,6.03,6.03,-6.03,-5.56,-1.73,-1.73,-1.73
48.01,4.47,4.47,6.08,6.08,-6.08,-5.61,-1.61,-1.61,-1.61
48.49,4.63,4.63,6.12,6.12,-6.12,-5.65,-1.49,-1.49,-1.49
48.97,4.79,4.79,6.15,6.15,-6.15,-5.69,-1.36,-1.36,-1.36
49.46,4.94,4.94,6.18,6.18,-6.17,-5.74,-1.23,-1.23,-1.24
49.96,5.09,5.09,6.20,6.20,-6.19,-5.78,-1.10,-1.10,-1.11
50.46,5.23,5.22,6.21,6.21,-6.20,-5.82,-0.97,-0.97,-0.99
50.96,5.36,5.36,6.21,6.21,-6.21,-5.87,-0.85,-0.85,-0.86
51.47,5.49,5.49,6.21,6.21,-6.22,-5.91,-0.73,-0.73,-0.73
51.99,5.62,5.62,6.22,6.22,-6.23,-5.95,-0.61,-0.61,-0.60
52.51,5.75,5.75,6.22,6.23,-6.24,-6.00,-0.50,-0.50,-0.48
53.03,5.88,5.88,6.25,6.25,-6.26,-6.04,-0.38,-0.38,-0.37
53.56,6.02,6.02,6.28,6.28,-6.29,-6.08,-0.27,-0.27,-0.26
54.10,6.17,6.17,6.32,6.32,-6.33,-6.13,-0.16,-0.16,-0.15
54.64,6.33,6.33,6.37,6.37,-6.37,-6.17,-0.04,-0.04,-0.04
55.18,6.50,6.50,6.43,6.43,-6.42,-6.21,0.08,0.08,0.07
55.74,6.67,6.67,6.48,6.48,-6.46,-6.25,0.20,0.20,0.19
56.29,6.85,6.85,6.53,6.53,-6.51,-6.30,0.34,0.34,0.32
56.86,7.03,7.03,6.57,6.57,-6.56,-6.34,0.48,0.48,0.46
57.42,7.22,7.22,6.61,6.61,-6.60,-6.38,0.61,0.62,0.61
58.00,7.41,7.41,6.64,6.64,-6.66,-6.42,0.75,0.75,0.77
58.58,7.59,7.60,6.68,6.68,-6.71,-6.46,0.89,0.89,0.91
59.16,7.77,7.77,6.72,6.73,-6.76,-6.50,1.02,1.01,1.05
59.76,7.93,7.93,6.80,6.80,-6.81,-6.54,1.13,1.12,1.14
60.35,8.06,8.06,6.87,6.87,-6.85,-6.58,1.21,1.21,1.19
60.96,8.17,8.17,6.93,6.92,-6.89,-6.62,1.29,1.28,1.24
61.57,8.26,8.26,6.96,6.96,-6.92,-6.66,1.34,1.34,1.30
62.18,8.35,8.35,6.97,6.97,-6.96,-6.70,1.39,1.39,1.38
62.80,8.44,8.44,6.97,6.98,-6.99,-6.74,1.45,1.45,1.46
63.43,8.52,8.52,6.98,6.99,-7.01,-6.78,1.51,1.51,1.54
64.07,8.61,8.61,7.01,7.01,-7.04,-6.82,1.58,1.58,1.60
64.71,8.70,8.70,7.05,7.05,-7.07,-6.86,1.64,1.64,1.65
65.35,8.79,8.79,7.09,7.09,-7.10,-6.90,1.69,1.69,1.70
66.01,8.88,8.88,7.14,7.14,-7.14,-6.94,1.74,1.74,1.73
66.67,8.96,8.96,7.19,7.19,-7.18,-6.97,1.78,1.78,1.77
67.33,9.04,9.04,7.23,7.23,-7.22,-7.01,1.82,1.81,1.81
68.01,9.11,9.11,7.26,7.26,-7.26,-7.04,1.85,1.85,1.85
68.69,9.17,9.17,7.29,7.29,-7.28,-7.08,1.89,1.89,1.88
69.37,9.23,9.23,7.31,7.31,-7.30,-7.12,1.93,1.93,1.92
70.07,9.28,9.28,7.32,7.32,-7.31,-7.15,1.97,1.97,1.96
70.77,9.32,9.32,7.32,7.32,-7.31,-7.18,2.01,2.01,2.01
71.48,9.36,9.36,7.31,7.31,-7.31,-7.22,2.06,2.06,2.05
72.19,9.40,9.40,7.29,7.29,-7.30,-7.25,2.10,2.10,2.10
72.91,9.43,9.43,7.28,7.28,-7.29,-7.28,2.14,2.14,2.15
73.64,9.46,9.46,7.27,7.27,-7.28,-7.32,2.19,2.19,2.20
74.38,9.50,9.50,7.26,7.26,-7.27,-7.35,2.23,2.23,2.24
75.12,9.54,9.54,7.26,7.26,-7.26,-7.38,2.27,2.27,2.28
75.87,9.58,9.58,7.26,7.26,-7.26,-7.41,2.32,2.32,2.32
76.63,9.63,9.63,7.27,7.27,-7.27,-7.44,2.36,2.36,2.36
77.40,9.68,9.68,7.27,7.27,-7.27,-7.47,2.41,2.41,2.41
78.17,9.73,9.73,7.28,7.28,-7.28,-7.50,2.45,2.45,2.45
78.95,9.78,9.78,7.29,7.29,-7.29,-7.52,2.50,2.50,2.50
79.74,9.84,9.84,7.30,7.30,-7.30,-7.55,2.54,2.54,2.54
80.54,9.90,9.90,7.31,7.31,-7.31,-7.58,2.58,2.58,2.59
81.35,9.95,9.95,7.32,7.32,-7.33,-7.60,2.62,2.62,2.63
82.16,10.01,10.01,7.34,7.34,-7.35,-7.63,2.66,2.66,2.67
82.98,10.07,10.07,7.37,7.37,-7.37,-7.65,2.70,2.70,2.70
83.81,10.13,10.13,7.39,7.39,-7.39,-7.67,2.74,2.74,2.74
84.65,10.20,10.20,7.42,7.42,-7.42,-7.70,2.78,2.78,2.78
85.50,10.26,10.26,7.45,7.45,-7.45,-7.72,2.82,2.82,2.81
86.35,10.33,10.33,7.48,7.48,-7.47,-7.74,2.85,2.85,2.85
87.22,10.39,10.39,7.50,7.51,-7.50,-7.76,2.89,2.89,2.89
88.09,10.45,10.45,7.53,7.53,-7.53,-7.78,2.92,2.92,2.92
88.97,10.52,10.52,7.56,7.56,-7.57,-7.80,2.95,2.95,2.96
89.86,10.58,10.58,7.59,7.59,-7.60,-7.82,2.98,2.98,2.99
90.76,10.64,10.64,7.63,7.63,-7.63,-7.84,3.01,3.01,3.01
91.66,10.70,10.70,7.67,7.67,-7.67,-7.85,3.03,3.03,3.04
92.58,10.76,10.76,7.70,7.70,-7.70,-7.87,3.06,3.06,3.06
93.51,10.81,10.81,7.74,7.74,-7.74,-7.88,3.08,3.08,3.07
94.44,10.87,10.87,7.77,7.77,-7.77,-7.90,3.10,3.10,3.10
95.39,10.92,10.92,7.80,7.80,-7.80,-7.91,3.12,3.12,3.12
96.34,10.97,10.97,7.83,7.83,-7.83,-7.92,3.14,3.14,3.14
97.30,11.02,11.02,7.85,7.85,-7.85,-7.93,3.16,3.16,3.16
98.28,11.07,11.07,7.88,7.88,-7.88,-7.94,3.19,3.19,3.19
99.26,11.11,11.11,7.89,7.89,-7.89,-7.95,3.22,3.22,3.22
100.25,11.15,11.15,7.91,7.91,-7.90,-7.96,3.25,3.25,3.24
101.25,11.19,11.19,7.91,7.91,-7.91,-7.97,3.28,3.28,3.27
102.27,11.22,11.22,7.92,7.91,-7.91,-7.98,3.30,3.30,3.30
103.29,11.24,11.24,7.91,7.91,-7.91,-7.98,3.33,3.33,3.33
104.32,11.27,11.27,7.91,7.91,-7.91,-7.99,3.35,3.35,3.36
105.37,11.29,11.29,7.90,7.90,-7.91,-7.99,3.38,3.38,3.38
106.42,11.30,11.30,7.90,7.90,-7.90,-8.00,3.40,3.40,3.41
107.48,11.32,11.32,7.89,7.89,-7.89,-8.00,3.43,3.43,3.43
108.56,11.34,11.34,7.89,7.89,-7.88,-8.00,3.46,3.46,3.45
109.64,11.35,11.35,7.87,7.87,-7.86,-8.00,3.49,3.49,3.48
110.74,11.36,11.36,7.86,7.86,-7.85,-8.00,3.51,3.51,3.50
111.85,11.37,11.37,7.84,7.84,-7.85,-8.00,3.52,3.52,3.53
112.97,11.37,11.37,7.83,7.83,-7.85,-8.00,3.53,3.53,3.54
114.10,11.37,11.37,7.82,7.82,-7.85,-8.00,3.52,3.52,3.55
115.24,11.38,11.38,7.83,7.84,-7.86,-7.99,3.52,3.52,3.54
116.39,11.38,11.38,7.86,7.86,-7.87,-7.99,3.51,3.51,3.52
117.55,11.38,11.37,7.89,7.89,-7.88,-7.98,3.50,3.50,3.49
118.73,11.37,11.37,7.91,7.90,-7.88,-7.98,3.49,3.49,3.46
119.92,11.36,11.36,7.91,7.91,-7.88,-7.97,3.49,3.48,3.45
121.12,11.35,11.35,7.89,7.89,-7.86,-7.96,3.49,3.49,3.46
122.33,11.34,11.34,7.85,7.85,-7.84,-7.95,3.50,3.50,3.48
123.55,11.32,11.32,7.80,7.80,-7.80,-7.94,3.52,3.52,3.52
124.79,11.31,11.31,7.75,7.75,-7.76,-7.93,3.55,3.55,3.56
126.03,11.30,11.30,7.70,7.70,-7.72,-7.92,3.59,3.59,3.60
127.29,11.30,11.30,7.65,7.66,-7.67,-7.91,3.62,3.62,3.64
128.57,11.29,11.29,7.62,7.62,-7.64,-7.89,3.66,3.66,3.67
129.85,11.30,11.30,7.60,7.60,-7.61,-7.88,3.68,3.68,3.69
131.15,11.30,11.30,7.59,7.59,-7.59,-7.86,3.71,3.71,3.71
132.46,11.30,11.30,7.58,7.58,-7.58,-7.85,3.72,3.72,3.72
133.79,11.30,11.30,7.57,7.57,-7.57,-7.83,3.73,3.73,3.73
135.12,11.31,11.31,7.57,7.57,-7.56,-7.81,3.74,3.74,3.74
136.48,11.31,11.31,7.56,7.56,-7.56,-7.79,3.75,3.75,3.74
137.84,11.31,11.31,7.56,7.56,-7.55,-7.77,3.75,3.75,3.75
139.22,11.30,11.30,7.55,7.55,-7.55,-7.75,3.76,3.76,3.76
140.61,11.30,11.30,7.54,7.54,-7.54,-7.72,3.76,3.76,3.76
142.02,11.30,11.30,7.53,7.53,-7.53,-7.70,3.77,3.77,3.77
143.44,11.29,11.29,7.52,7.52,-7.51,-7.67,3.78,3.78,3.77
144.87,11.29,11.29,7.50,7.50,-7.50,-7.65,3.79,3.79,3.78
146.32,11.28,11.28,7.49,7.49,-7.49,-7.62,3.79,3.79,3.79
147.78,11.27,11.27,7.48,7.48,-7.48,-7.59,3.79,3.79,3.80
149.26,11.27,11.27,7.47,7.47,-7.47,-7.56,3.79,3.79,3.80
150.75,11.25,11.25,7.46,7.46,-7.47,-7.53,3.79,3.79,3.79
152.26,11.24,11.24,7.46,7.46,-7.46,-7.50,3.78,3.78,3.78
153.78,11.23,11.23,7.46,7.46,-7.46,-7.47,3.77,3.77,3.77
155.32,11.22,11.22,7.47,7.47,-7.46,-7.44,3.76,3.76,3.75
156.88,11.20,11.20,7.47,7.47,-7.46,-7.40,3.74,3.74,3.74
158.44,11.19,11.19,7.47,7.47,-7.46,-7.37,3.73,3.73,3.72
160.03,11.17,11.17,7.46,7.46,-7.46,-7.33,3.71,3.71,3.71
161.63,11.15,11.15,7.46,7.46,-7.46,-7.29,3.69,3.69,3.70
163.24,11.13,11.13,7.45,7.45,-7.46,-7.25,3.67,3.67,3.68
164.88,11.11,11.11,7.45,7.45,-7.46,-7.21,3.65,3.65,3.66
166.53,11.08,11.08,7.45,7.45,-7.45,-7.17,3.63,3.63,3.63
168.19,11.05,11.05,7.45,7.45,-7.44,-7.13,3.61,3.61,3.60
169.87,11.02,11.02,7.43,7.43,-7.42,-7.09,3.60,3.60,3.58
171.57,10.98,10.98,7.41,7.41,-7.40,-7.04,3.58,3.58,3.57
173.29,10.94,10.94,7.37,7.37,-7.36,-6.99,3.58,3.58,3.57
175.02,10.90,10.90,7.33,7.33,-7.33,-6.95,3.58,3.58,3.57
176.77,10.86,10.86,7.28,7.28,-7.28,-6.90,3.58,3.58,3.58
178.54,10.82,10.82,7.23,7.23,-7.23,-6.85,3.58,3.58,3.59
180.32,10.77,10.77,7.17,7.17,-7.18,-6.80,3.59,3.59,3.60
182.13,10.72,10.72,7.12,7.12,-7.13,-6.75,3.59,3.59,3.60
183.95,10.67,10.67,7.07,7.07,-7.07,-6.69,3.60,3.60,3.60
185.79,10.61,10.61,7.02,7.02,-7.01,-6.64,3.60,3.60,3.59
187.65,10.55,10.55,6.96,6.96,-6.95,-6.58,3.60,3.60,3.59
189.52,10.48,10.48,6.89,6.89,-6.89,-6.53,3.59,3.59,3.58
191.42,10.41,10.41,6.83,6.83,-6.83,-6.47,3.58,3.58,3.58
193.33,10.33,10.33,6.76,6.76,-6.76,-6.41,3.57,3.57,3.57
195.27,10.26,10.26,6.69,6.69,-6.70,-6.35,3.56,3.56,3.56
197.22,10.18,10.18,6.63,6.63,-6.63,-6.29,3.55,3.55,3.55
199.19,10.11,10.11,6.57,6.57,-6.57,-6.22,3.53,3.53,3.54
201.18,10.03,10.03,6.51,6.51,-6.51,-6.16,3.52,3.52,3.52
203.19,9.96,9.96,6.45,6.45,-6.46,-6.09,3.50,3.51,3.51
205.23,9.89,9.89,6.40,6.40,-6.40,-6.03,3.49,3.49,3.49
207.28,9.82,9.82,6.34,6.34,-6.35,-5.96,3.47,3.47,3.48
209.35,9.75,9.75,6.29,6.29,-6.29,-5.89,3.46,3.46,3.46
211.44,9.67,9.67,6.23,6.23,-6.23,-5.82,3.44,3.44,3.44
213.56,9.59,9.59,6.17,6.17,-6.17,-5.75,3.42,3.42,3.42
215.69,9.50,9.50,6.10,6.10,-6.10,-5.67,3.40,3.40,3.40
217.85,9.40,9.40,6.02,6.03,-6.01,-5.60,3.39,3.39,3.38
220.03,9.30,9.29,5.94,5.94,-5.92,-5.52,3.37,3.37,3.35
222.23,9.17,9.17,5.84,5.84,-5.82,-5.44,3.35,3.35,3.34
224.45,9.05,9.05,5.72,5.72,-5.71,-5.36,3.33,3.33,3.32
226.70,8.91,8.91,5.60,5.60,-5.60,-5.28,3.31,3.31,3.31
228.96,8.78,8.78,5.48,5.48,-5.49,-5.20,3.29,3.29,3.30
231.25,8.64,8.64,5.36,5.36,-5.37,-5.12,3.27,3.27,3.29
233.57,8.52,8.52,5.24,5.24,-5.26,-5.03,3.26,3.26,3.27
235.90,8.40,8.40,5.14,5.14,-5.16,-4.95,3.25,3.25,3.26
238.26,8.30,8.30,5.05,5.05,-5.05,-4.86,3.24,3.24,3.25
240.64,8.20,8.20,4.96,4.96,-4.96,-4.77,3.24,3.24,3.24
243.05,8.10,8.10,4.87,4.86,-4.86,-4.68,3.24,3.24,3.23
245.48,7.99,7.99,4.77,4.77,-4.76,-4.59,3.23,3.23,3.22
247.93,7.88,7.88,4.67,4.67,-4.66,-4.50,3.22,3.22,3.21
250.41,7.76,7.76,4.57,4.56,-4.56,-4.41,3.20,3.20,3.20
252.92,7.64,7.64,4.45,4.45,-4.45,-4.31,3.19,3.19,3.18
255.45,7.51,7.51,4.34,4.34,-4.34,-4.21,3.17,3.17,3.17
258.00,7.38,7.38,4.22,4.22,-4.22,-4.12,3.16,3.16,3.16
260.58,7.24,7.24,4.10,4.10,-4.10,-4.02,3.15,3.15,3.15
263.19,7.11,7.11,3.97,3.97,-3.97,-3.92,3.14,3.14,3.14
265.82,6.97,6.97,3.84,3.84,-3.84,-3.82,3.13,3.13,3.13
268.48,6.83,6.83,3.71,3.71,-3.71,-3.72,3.12,3.12,3.12
271.16,6.68,6.68,3.58,3.58,-3.58,-3.61,3.10,3.11,3.11
273.87,6.54,6.54,3.44,3.44,-3.44,-3.51,3.10,3.10,3.10
276.61,6.39,6.39,3.30,3.30,-3.30,-3.40,3.09,3.09,3.08
279.38,6.23,6.24,3.16,3.16,-3.16,-3.29,3.08,3.08,3.07
282.17,6.08,6.08,3.02,3.02,-3.01,-3.19,3.07,3.07,3.06
284.99,5.92,5.92,2.87,2.87,-2.86,-3.08,3.06,3.06,3.05
287.84,5.75,5.75,2.71,2.71,-2.71,-2.97,3.04,3.04,3.04
290.72,5.59,5.59,2.55,2.55,-2.55,-2.86,3.03,3.03,3.03
293.63,5.42,5.42,2.39,2.39,-2.40,-2.75,3.02,3.02,3.03
296.57,5.25,5.25,2.24,2.24,-2.24,-2.63,3.01,3.01,3.02
299.53,5.09,5.09,2.08,2.08,-2.09,-2.52,3.00,3.00,3.01
302.53,4.92,4.92,1.93,1.93,-1.93,-2.41,2.99,2.99,3.00
305.55,4.76,4.76,1.78,1.78,-1.78,-2.30,2.98,2.98,2.98
308.61,4.60,4.60,1.64,1.63,-1.63,-2.18,2.97,2.97,2.97
311.69,4.44,4.44,1.49,1.49,-1.48,-2.07,2.96,2.96,2.95
314.81,4.29,4.29,1.35,1.35,-1.34,-1.96,2.95,2.95,2.94
317.96,4.14,4.14,1.21,1.21,-1.21,-1.84,2.93,2.93,2.93
321.14,4.00,3.99,1.07,1.07,-1.08,-1.73,2.92,2.92,2.92
324.35,3.86,3.86,0.95,0.95,-0.95,-1.62,2.90,2.91,2.91
327.59,3.73,3.73,0.83,0.83,-0.84,-1.50,2.89,2.89,2.90
330.87,3.62,3.61,0.73,0.73,-0.74,-1.39,2.88,2.88,2.89
334.18,3.51,3.51,0.64,0.64,-0.64,-1.28,2.87,2.87,2.87
337.52,3.42,3.42,0.56,0.56,-0.56,-1.17,2.86,2.86,2.86
340.90,3.35,3.34,0.49,0.49,-0.49,-1.06,2.85,2.85,2.85
344.30,3.28,3.28,0.43,0.43,-0.43,-0.95,2.84,2.84,2.84
347.75,3.22,3.22,0.38,0.38,-0.38,-0.85,2.84,2.84,2.84
351.23,3.17,3.17,0.34,0.34,-0.34,-0.74,2.83,2.83,2.83
354.74,3.13,3.13,0.31,0.31,-0.31,-0.64,2.82,2.82,2.82
358.28,3.09,3.09,0.28,0.28,-0.28,-0.54,2.81,2.81,2.81
361.87,3.05,3.05,0.25,0.25,-0.25,-0.44,2.80,2.80,2.80
365.49,3.02,3.02,0.23,0.23,-0.23,-0.34,2.79,2.79,2.79
369.14,3.00,3.00,0.22,0.22,-0.22,-0.25,2.78,2.78,2.78
372.83,2.97,2.97,0.20,0.20,-0.20,-0.16,2.77,2.77,2.77
376.56,2.95,2.95,0.19,0.19,-0.19,-0.07,2.76,2.76,2.76
380.33,2.93,2.93,0.17,0.17,-0.17,0.02,2.75,2.75,2.75
384.13,2.90,2.90,0.16,0.16,-0.16,0.10,2.74,2.74,2.74
387.97,2.87,2.87,0.14,0.14,-0.14,0.18,2.73,2.73,2.73
391.85,2.84,2.84,0.12,0.12,-0.12,0.25,2.72,2.72,2.72
395.77,2.80,2.80,0.10,0.10,-0.10,0.32,2.71,2.71,2.71
399.73,2.76,2.76,0.07,0.07,-0.07,0.39,2.70,2.70,2.70
403.72,2.72,2.72,0.04,0.03,-0.03,0.45,2.69,2.69,2.69
407.76,2.67,2.67,-0.00,-0.00,0.01,0.51,2.68,2.68,2.68
411.84,2.61,2.61,-0.05,-0.05,0.05,0.57,2.67,2.67,2.67
415.96,2.55,2.55,-0.10,-0.10,0.11,0.62,2.66,2.66,2.66
420.12,2.48,2.48,-0.17,-0.17,0.17,0.67,2.65,2.65,2.65
424.32,2.40,2.40,-0.24,-0.24,0.24,0.72,2.64,2.64,2.64
428.56,2.31,2.31,-0.31,-0.31,0.32,0.76,2.63,2.63,2.63
432.85,2.22,2.22,-0.40,-0.40,0.40,0.79,2.62,2.62,2.62
437.18,2.13,2.13,-0.49,-0.49,0.49,0.83,2.62,2.62,2.62
441.55,2.04,2.04,-0.58,-0.58,0.58,0.86,2.62,2.62,2.62
445.96,1.94,1.94,-0.67,-0.67,0.67,0.88,2.62,2.62,2.62
450.42,1.85,1.85,-0.76,-0.76,0.77,0.90,2.62,2.62,2.62
454.93,1.77,1.76,-0.85,-0.85,0.86,0.92,2.62,2.62,2.62
459.48,1.68,1.68,-0.94,-0.94,0.94,0.94,2.62,2.62,2.62
464.07,1.60,1.60,-1.02,-1.02,1.02,0.95,2.62,2.62,2.63
468.71,1.53,1.53,-1.10,-1.10,1.09,0.96,2.62,2.62,2.63
473.40,1.47,1.47,-1.16,-1.16,1.15,0.97,2.62,2.62,2.63
478.13,1.42,1.42,-1.21,-1.21,1.21,0.98,2.63,2.63,2.64
482.91,1.39,1.39,-1.26,-1.26,1.25,0.98,2.64,2.64,2.64
487.74,1.36,1.36,-1.29,-1.29,1.29,0.98,2.65,2.65,2.65
492.62,1.34,1.34,-1.32,-1.32,1.33,0.98,2.67,2.67,2.66
497.55,1.32,1.32,-1.35,-1.35,1.36,0.98,2.68,2.68,2.67
502.52,1.30,1.30,-1.37,-1.37,1.38,0.97,2.68,2.68,2.67
507.55,1.29,1.29,-1.40,-1.40,1.40,0.97,2.69,2.69,2.69
512.62,1.28,1.28,-1.42,-1.42,1.41,0.96,2.69,2.69,2.70
517.75,1.28,1.28,-1.42,-1.42,1.42,0.95,2.70,2.70,2.71
522.93,1.30,1.30,-1.42,-1.42,1.41,0.94,2.71,2.71,2.72
528.16,1.33,1.33,-1.40,-1.40,1.39,0.93,2.72,2.72,2.73
533.44,1.37,1.37,-1.37,-1.37,1.36,0.92,2.73,2.73,2.73
538.77,1.41,1.41,-1.33,-1.33,1.32,0.91,2.74,2.74,2.74
544.16,1.46,1.46,-1.28,-1.28,1.28,0.90,2.74,2.74,2.73
549.60,1.51,1.51,-1.22,-1.22,1.22,0.89,2.73,2.73,2.73
555.10,1.56,1.56,-1.16,-1.16,1.16,0.88,2.71,2.71,2.72
560.65,1.60,1.60,-1.09,-1.09,1.09,0.87,2.69,2.69,2.70
566.25,1.65,1.65,-1.02,-1.02,1.02,0.86,2.67,2.67,2.67
571.92,1.69,1.69,-0.95,-0.95,0.95,0.84,2.64,2.64,2.65
577.64,1.73,1.73,-0.88,-0.88,0.88,0.83,2.62,2.62,2.62
583.41,1.77,1.77,-0.82,-0.82,0.82,0.82,2.59,2.59,2.59
589.25,1.80,1.80,-0.76,-0.76,0.78,0.81,2.58,2.58,2.57
595.14,1.83,1.83,-0.72,-0.72,0.74,0.81,2.57,2.57,2.55
601.09,1.86,1.86,-0.70,-0.70,0.71,0.80,2.57,2.57,2.56
607.10,1.88,1.88,-0.69,-0.69,0.70,0.79,2.58,2.58,2.57
613.17,1.90,1.90,-0.69,-0.70,0.70,0.78,2.60,2.60,2.59
619.30,1.92,1.92,-0.71,-0.71,0.71,0.78,2.62,2.62,2.63
625.50,1.93,1.93,-0.73,-0.72,0.72,0.77,2.65,2.65,2.66
631.75,1.95,1.95,-0.74,-0.74,0.73,0.77,2.68,2.68,2.69
638.07,1.97,1.97,-0.76,-0.76,0.75,0.76,2.71,2.71,2.72
644.45,1.98,1.98,-0.77,-0.77,0.76,0.76,2.74,2.74,2.75
650.89,2.00,2.00,-0.77,-0.77,0.77,0.76,2.77,2.77,2.77
657.40,2.01,2.01,-0.78,-0.78,0.77,0.76,2.79,2.79,2.79
663.98,2.03,2.03,-0.78,-0.78,0.77,0.76,2.80,2.80,2.81
670.62,2.05,2.05,-0.77,-0.77,0.77,0.77,2.82,2.82,2.82
677.32,2.07,2.07,-0.76,-0.76,0.75,0.77,2.83,2.83,2.83
684.10,2.10,2.10,-0.74,-0.74,0.74,0.78,2.83,2.83,2.84
690.94,2.12,2.12,-0.72,-0.72,0.72,0.78,2.84,2.84,2.84
697.85,2.15,2.15,-0.70,-0.70,0.69,0.79,2.84,2.84,2.85
704.83,2.18,2.18,-0.67,-0.67,0.66,0.80,2.84,2.84,2.85
711.87,2.20,2.20,-0.64,-0.64,0.64,0.81,2.84,2.84,2.85
718.99,2.23,2.23,-0.61,-0.61,0.61,0.82,2.84,2.84,2.84
726.18,2.25,2.25,-0.59,-0.59,0.59,0.84,2.84,2.84,2.84
733.44,2.26,2.26,-0.58,-0.57,0.58,0.85,2.84,2.84,2.83
740.78,2.27,2.27,-0.57,-0.57,0.58,0.87,2.85,2.85,2.84
748.19,2.27,2.27,-0.58,-0.58,0.59,0.88,2.86,2.86,2.85
755.67,2.26,2.26,-0.60,-0.60,0.61,0.90,2.87,2.87,2.86
763.23,2.25,2.25,-0.64,-0.64,0.65,0.92,2.89,2.89,2.89
770.86,2.23,2.22,-0.69,-0.69,0.69,0.95,2.91,2.91,2.91
778.57,2.20,2.20,-0.74,-0.74,0.74,0.97,2.94,2.94,2.94
786.35,2.17,2.17,-0.80,-0.80,0.79,1.00,2.96,2.96,2.97
794.22,2.14,2.14,-0.86,-0.86,0.85,1.02,2.99,2.99,3.00
802.16,2.11,2.11,-0.91,-0.91,0.90,1.05,3.01,3.01,3.02
810.18,2.07,2.07,-0.97,-0.97,0.96,1.08,3.03,3.03,3.04
818.28,2.04,2.04,-1.02,-1.02,1.02,1.12,3.06,3.06,3.06
826.46,1.99,1.99,-1.08,-1.08,1.08,1.15,3.08,3.08,3.07
834.73,1.95,1.95,-1.14,-1.14,1.15,1.19,3.09,3.09,3.08
843.08,1.89,1.89,-1.20,-1.20,1.22,1.22,3.11,3.11,3.09
851.51,1.82,1.82,-1.28,-1.28,1.29,1.26,3.11,3.11,3.10
860.02,1.74,1.74,-1.36,-1.36,1.37,1.30,3.11,3.11,3.10
868.62,1.65,1.65,-1.44,-1.44,1.45,1.35,3.11,3.11,3.10
877.31,1.56,1.55,-1.53,-1.53,1.54,1.39,3.09,3.09,3.08
886.08,1.45,1.45,-1.60,-1.60,1.61,1.44,3.06,3.06,3.05
894.94,1.34,1.34,-1.67,-1.67,1.66,1.48,3.01,3.01,3.01
903.89,1.23,1.23,-1.72,-1.72,1.69,1.53,2.92,2.92,2.95
912.93,1.11,1.11,-1.75,-1.75,1.68,1.58,2.80,2.80,2.86
922.06,0.99,0.99,-1.74,-1.74,1.65,1.64,2.64,2.64,2.73
931.28,0.87,0.87,-1.70,-1.68,1.60,1.69,2.47,2.47,2.57
940.59,0.74,0.74,-1.59,-1.59,1.55,1.75,2.29,2.29,2.34
950.00,0.62,0.62,-1.48,-1.48,1.51,1.80,2.13,2.13,2.10
959.50,0.50,0.50,-1.38,-1.41,1.51,1.86,2.01,2.01,1.88
969.09,0.38,0.38,-1.41,-1.42,1.55,1.92,1.93,1.94,1.79
978.78,0.27,0.27,-1.53,-1.53,1.65,1.99,1.92,1.92,1.80
988.57,0.15,0.15,-1.73,-1.74,1.81,2.05,1.96,1.96,1.88
998.46,0.02,0.02,-2.01,-2.00,2.02,2.11,2.04,2.04,2.03
1008.44,-0.12,-0.12,-2.29,-2.28,2.27,2.17,2.15,2.15,2.17
1018.53,-0.26,-0.27,-2.57,-2.57,2.54,2.24,2.27,2.27,2.30
1028.71,-0.42,-0.41,-2.83,-2.83,2.79,2.30,2.37,2.37,2.42
1039.00,-0.55,-0.55,-3.05,-3.06,3.00,2.37,2.45,2.45,2.50
1049.39,-0.66,-0.66,-3.23,-3.23,3.16,2.43,2.50,2.50,2.57
1059.88,-0.74,-0.73,-3.36,-3.34,3.26,2.50,2.52,2.53,2.62
1070.48,-0.77,-0.77,-3.37,-3.38,3.30,2.56,2.54,2.53,2.61
1081.19,-0.77,-0.77,-3.34,-3.34,3.30,2.63,2.53,2.53,2.57
1092.00,-0.74,-0.74,-3.26,-3.26,3.26,2.69,2.52,2.52,2.52
1102.92,-0.71,-0.71,-3.16,-3.16,3.20,2.75,2.50,2.49,2.45
1113.95,-0.68,-0.68,-3.07,-3.08,3.14,2.81,2.46,2.46,2.40
1125.09,-0.66,-0.66,-3.01,-3.02,3.08,2.86,2.42,2.42,2.35
1136.34,-0.66,-0.67,-2.99,-2.99,3.03,2.91,2.37,2.36,2.32
1147.70,-0.70,-0.70,-2.99,-2.99,3.01,2.96,2.31,2.31,2.29
1159.18,-0.75,-0.75,-3.01,-3.01,3.01,3.01,2.25,2.25,2.26
1170.77,-0.82,-0.81,-3.03,-3.03,3.02,3.05,2.21,2.21,2.22
1182.48,-0.88,-0.88,-3.06,-3.06,3.05,3.09,2.17,2.17,2.18
1194.30,-0.96,-0.96,-3.09,-3.09,3.09,3.12,2.14,2.14,2.14
1206.25,-1.03,-1.03,-3.12,-3.13,3.13,3.15,2.11,2.10,2.10
1218.31,-1.10,-1.11,-3.16,-3.16,3.17,3.17,2.07,2.07,2.06
1230.49,-1.18,-1.18,-3.20,-3.20,3.21,3.19,2.03,2.03,2.02
1242.80,-1.25,-1.24,-3.24,-3.24,3.23,3.20,1.98,1.99,1.99
1255.22,-1.29,-1.29,-3.26,-3.27,3.23,3.21,1.94,1.94,1.97
1267.78,-1.32,-1.32,-3.27,-3.27,3.22,3.21,1.90,1.90,1.95
1280.45,-1.33,-1.32,-3.27,-3.25,3.20,3.21,1.87,1.88,1.94
1293.26,-1.29,-1.29,-3.20,-3.20,3.17,3.20,1.88,1.88,1.91
1306.19,-1.25,-1.25,-3.13,-3.13,3.15,3.19,1.90,1.90,1.89
1319.25,-1.20,-1.20,-3.07,-3.08,3.13,3.16,1.93,1.93,1.87
1332.45,-1.15,-1.15,-3.05,-3.05,3.12,3.14,1.97,1.97,1.90
1345.77,-1.11,-1.11,-3.07,-3.07,3.14,3.11,2.03,2.02,1.96
1359.23,-1.08,-1.08,-3.12,-3.13,3.17,3.08,2.09,2.08,2.04
1372.82,-1.07,-1.07,-3.21,-3.21,3.21,3.05,2.15,2.15,2.15
1386.55,-1.05,-1.05,-3.30,-3.29,3.27,3.01,2.22,2.22,2.25
1400.41,-1.03,-1.02,-3.37,-3.36,3.32,2.96,2.29,2.29,2.34
1414.42,-0.98,-0.98,-3.40,-3.40,3.36,2.92,2.38,2.38,2.42
1428.56,-0.92,-0.93,-3.41,-3.42,3.39,2.87,2.46,2.46,2.49
1442.85,-0.84,-0.84,-3.41,-3.41,3.40,2.82,2.56,2.56,2.57
1457.28,-0.73,-0.73,-3.38,-3.38,3.39,2.77,2.66,2.66,2.65
1471.85,-0.59,-0.59,-3.34,-3.35,3.37,2.72,2.78,2.78,2.76
1486.57,-0.42,-0.42,-3.30,-3.30,3.33,2.67,2.91,2.91,2.88
1501.43,-0.23,-0.23,-3.25,-3.25,3.28,2.62,3.05,3.05,3.01
1516.45,-0.02,-0.02,-3.20,-3.20,3.21,2.56,3.19,3.19,3.18
1531.61,0.22,0.22,-3.13,-3.14,3.12,2.51,3.35,3.34,3.36
1546.93,0.49,0.50,-3.05,-3.04,3.00,2.46,3.49,3.50,3.54
1562.40,0.80,0.81,-2.92,-2.91,2.85,2.41,3.66,3.66,3.72
1578.02,1.16,1.16,-2.74,-2.74,2.68,2.36,3.84,3.84,3.90
1593.80,1.55,1.55,-2.53,-2.52,2.48,2.30,4.03,4.03,4.07
1609.74,1.97,1.98,-2.28,-2.28,2.27,2.26,4.24,4.25,4.26
1625.84,2.43,2.43,-2.04,-2.04,2.06,2.21,4.49,4.48,4.47
1642.10,2.89,2.89,-1.81,-1.81,1.86,2.16,4.75,4.75,4.70
1658.52,3.35,3.35,-1.61,-1.62,1.69,2.11,5.04,5.03,4.96
1675.10,3.79,3.79,-1.48,-1.48,1.55,2.07,5.34,5.34,5.27
1691.85,4.21,4.21,-1.40,-1.40,1.45,2.03,5.66,5.66,5.61
1708.77,4.61,4.61,-1.35,-1.36,1.38,1.99,5.99,5.99,5.96
1725.86,4.97,4.98,-1.35,-1.35,1.34,1.95,6.31,6.32,6.32
1743.12,5.32,5.33,-1.35,-1.35,1.31,1.91,6.64,6.64,6.67
1760.55,5.65,5.65,-1.34,-1.34,1.30,1.88,6.94,6.94,6.99
1778.15,5.94,5.93,-1.32,-1.32,1.28,1.85,7.21,7.21,7.25
1795.94,6.17,6.18,-1.28,-1.28,1.25,1.81,7.42,7.42,7.45
1813.90,6.36,6.35,-1.23,-1.23,1.21,1.79,7.57,7.56,7.59
1832.03,6.47,6.47,-1.17,-1.17,1.17,1.76,7.64,7.63,7.64
1850.36,6.51,6.52,-1.12,-1.12,1.12,1.74,7.63,7.64,7.63
1868.86,6.50,6.50,-1.07,-1.07,1.08,1.71,7.58,7.58,7.57
1887.55,6.45,6.44,-1.03,-1.03,1.05,1.70,7.50,7.50,7.47
1906.42,6.35,6.35,-1.02,-1.02,1.04,1.68,7.38,7.39,7.36
1925.49,6.23,6.23,-1.02,-1.02,1.04,1.67,7.27,7.27,7.25
1944.74,6.09,6.09,-1.05,-1.06,1.06,1.66,7.16,7.16,7.14
1964.19,5.95,5.96,-1.10,-1.10,1.10,1.65,7.05,7.06,7.06
1983.83,5.81,5.82,-1.16,-1.15,1.15,1.64,6.97,6.97,6.97
2003.67,5.68,5.68,-1.21,-1.22,1.21,1.64,6.89,6.89,6.89
2023.71,5.53,5.53,-1.28,-1.28,1.28,1.65,6.82,6.81,6.82
2043.94,5.39,5.38,-1.36,-1.36,1.35,1.66,6.73,6.73,6.74
2064.38,5.23,5.23,-1.43,-1.43,1.41,1.67,6.65,6.65,6.67
2085.03,5.09,5.09,-1.50,-1.50,1.48,1.69,6.56,6.56,6.59
2105.88,4.95,4.95,-1.57,-1.56,1.54,1.71,6.49,6.49,6.51
2126.94,4.82,4.82,-1.62,-1.62,1.61,1.74,6.43,6.43,6.44
2148.20,4.72,4.72,-1.68,-1.67,1.68,1.78,6.40,6.40,6.39
2169.69,4.63,4.63,-1.74,-1.74,1.77,1.83,6.40,6.40,6.37
2191.38,4.56,4.57,-1.82,-1.83,1.87,1.88,6.44,6.44,6.39
2213.30,4.52,4.52,-1.94,-1.94,1.99,1.94,6.51,6.51,6.46
2235.43,4.50,4.49,-2.09,-2.09,2.13,2.01,6.62,6.62,6.58
2257.78,4.48,4.48,-2.25,-2.25,2.27,2.09,6.75,6.75,6.73
2280.36,4.48,4.48,-2.42,-2.41,2.41,2.17,6.89,6.89,6.89
2303.17,4.50,4.49,-2.56,-2.56,2.54,2.25,7.03,7.03,7.06
2326.20,4.54,4.54,-2.68,-2.68,2.64,2.32,7.18,7.18,7.22
2349.46,4.61,4.62,-2.77,-2.76,2.71,2.37,7.32,7.33,7.38
2372.95,4.75,4.75,-2.78,-2.78,2.74,2.40,7.48,7.48,7.53
2396.68,4.93,4.92,-2.76,-2.76,2.72,2.40,7.65,7.65,7.68
2420.65,5.15,5.16,-2.70,-2.69,2.67,2.39,7.82,7.83,7.84
2444.86,5.44,5.44,-2.59,-2.59,2.59,2.35,8.02,8.02,8.02
2469.31,5.76,5.75,-2.46,-2.47,2.48,2.30,8.24,8.24,8.22
2494.00,6.10,6.10,-2.34,-2.34,2.36,2.25,8.46,8.46,8.43
2518.94,6.45,6.45,-2.21,-2.21,2.23,2.20,8.68,8.68,8.66
2544.13,6.81,6.81,-2.10,-2.10,2.10,2.16,8.91,8.91,8.90
2569.57,7.16,7.16,-1.98,-1.98,1.98,2.12,9.14,9.14,9.14
2595.27,7.51,7.51,-1.88,-1.88,1.87,2.09,9.37,9.37,9.38
2621.22,7.84,7.84,-1.78,-1.78,1.77,2.08,9.61,9.61,9.62
2647.43,8.15,8.15,-1.69,-1.69,1.70,2.07,9.85,9.85,9.84
2673.90,8.44,8.44,-1.62,-1.62,1.65,2.07,10.09,10.09,10.06
2700.64,8.70,8.70,-1.59,-1.59,1.62,2.08,10.32,10.32,10.28
2727.65,8.92,8.92,-1.59,-1.59,1.63,2.10,10.54,10.54,10.50
2754.93,9.10,9.10,-1.62,-1.63,1.66,2.12,10.76,10.75,10.72
2782.48,9.24,9.24,-1.70,-1.70,1.71,2.16,10.95,10.95,10.94
2810.30,9.36,9.36,-1.79,-1.79,1.78,2.20,11.13,11.13,11.15
2838.40,9.45,9.45,-1.89,-1.89,1.86,2.24,11.30,11.30,11.34
2866.79,9.52,9.52,-1.99,-1.98,1.94,2.29,11.46,11.46,11.51
2895.46,9.57,9.58,-2.07,-2.07,2.04,2.35,11.61,11.61,11.65
2924.41,9.61,9.61,-2.16,-2.16,2.14,2.42,11.75,11.75,11.77
2953.65,9.63,9.63,-2.24,-2.24,2.25,2.49,11.88,11.88,11.87
2983.19,9.62,9.62,-2.35,-2.35,2.37,2.56,11.99,11.99,11.97
3013.02,9.58,9.58,-2.48,-2.48,2.51,2.65,12.09,12.09,12.06
3043.15,9.50,9.49,-2.64,-2.64,2.67,2.74,12.17,12.16,12.14
3073.58,9.35,9.35,-2.84,-2.84,2.86,2.83,12.21,12.21,12.19
3104.32,9.15,9.16,-3.06,-3.06,3.07,2.94,12.22,12.23,12.21
3135.36,8.91,8.90,-3.30,-3.30,3.30,3.05,12.21,12.20,12.21
3166.72,8.61,8.61,-3.57,-3.57,3.55,3.17,12.15,12.15,12.17
3198.38,8.26,8.27,-3.86,-3.85,3.80,3.29,12.06,12.07,12.12
3230.37,7.88,7.88,-4.16,-4.17,4.06,3.42,11.95,11.94,12.05
3262.67,7.46,7.46,-4.51,-4.51,4.34,3.57,11.80,11.80,11.97
3295.30,7.00,7.00,-4.89,-4.89,4.62,3.72,11.62,11.62,11.89
3328.25,6.51,6.51,-5.30,-5.30,4.90,3.87,11.41,11.41,11.81
3361.53,5.99,5.99,-5.75,-5.75,5.16,4.04,11.15,11.15,11.74
3395.15,5.44,5.44,-6.22,-6.22,5.39,4.21,10.83,10.83,11.67
3429.10,4.88,4.88,-6.70,-6.71,5.59,4.39,10.48,10.47,11.59
3463.39,4.32,4.32,-7.19,-7.18,5.76,4.58,10.08,10.08,11.50
3498.03,3.77,3.77,-7.63,-7.63,5.88,4.78,9.65,9.65,11.40
3533.01,3.24,3.24,-8.05,-8.05,5.97,4.98,9.21,9.21,11.29
3568.34,2.73,2.74,-8.43,-8.42,6.03,5.18,8.76,8.76,11.16
3604.02,2.27,2.27,-8.75,-8.75,6.05,5.39,8.32,8.31,11.02
3640.06,1.84,1.83,-9.04,-9.04,6.04,5.60,7.88,7.88,10.88
3676.46,1.43,1.44,-9.30,-9.29,6.03,5.80,7.46,7.47,10.73
3713.22,1.08,1.08,-9.51,-9.51,6.01,6.01,7.09,7.09,10.59
3750.36,0.76,0.76,-9.70,-9.70,6.00,6.20,6.76,6.76,10.46
3787.86,0.47,0.47,-9.87,-9.87,6.00,6.38,6.47,6.47,10.34
3825.74,0.20,0.20,-10.02,-10.02,6.00,6.55,6.20,6.20,10.22
3864.00,-0.06,-0.06,-10.15,-10.15,6.00,6.70,5.94,5.94,10.09
3902.64,-0.33,-0.33,-10.28,-10.28,6.00,6.82,5.67,5.67,9.95
3941.66,-0.61,-0.63,-10.42,-10.42,6.00,6.92,5.39,5.37,9.80
3981.08,-0.98,-0.98,-10.60,-10.60,6.00,6.98,5.02,5.02,9.62
4020.89,-1.40,-1.40,-10.82,-10.82,6.00,7.01,4.60,4.60,9.42
4061.10,-1.90,-1.91,-11.10,-11.11,6.00,7.01,4.10,4.09,9.20
4101.71,-2.49,-2.50,-11.46,-11.47,6.00,6.98,3.51,3.50,8.97
4142.73,-3.12,-3.13,-11.86,-11.87,6.00,6.92,2.88,2.87,8.74
4184.15,-3.76,-3.75,-12.28,-12.28,6.00,6.83,2.24,2.25,8.52
4226.00,-4.30,-4.30,-12.64,-12.64,6.00,6.72,1.70,1.70,8.33
4268.26,-4.68,-4.70,-12.86,-12.87,6.00,6.59,1.32,1.30,8.18
4310.94,-4.88,-4.83,-12.92,-12.88,6.00,6.45,1.12,1.17,8.04
4354.05,-4.68,-4.66,-12.64,-12.61,6.01,6.30,1.32,1.35,7.96
4397.59,-4.16,-4.17,-12.06,-12.07,6.03,6.14,1.86,1.86,7.90
4441.56,-3.43,-3.42,-11.29,-11.27,6.04,5.99,2.62,2.63,7.86
4485.98,-2.50,-2.50,-10.33,-10.34,6.05,5.86,3.55,3.54,7.83
4530.84,-1.50,-1.50,-9.32,-9.32,6.02,5.72,4.52,4.52,7.82
4576.15,-0.50,-0.50,-8.32,-8.32,5.96,5.61,5.46,5.46,7.82
4621.91,0.45,0.42,-7.37,-7.40,5.86,5.52,6.31,6.28,7.82
4668.13,1.24,1.25,-6.60,-6.59,5.73,5.44,6.97,6.98,7.84
4714.81,1.93,1.93,-5.94,-5.94,5.58,5.37,7.51,7.51,7.87
4761.96,2.50,2.47,-5.42,-5.45,5.42,5.31,7.91,7.88,7.92
4809.58,2.87,2.87,-5.12,-5.11,5.25,5.24,8.12,8.12,7.98
4857.67,3.15,3.15,-4.91,-4.91,5.08,5.14,8.23,8.23,8.07
4906.25,3.37,3.37,-4.80,-4.80,4.90,5.02,8.27,8.27,8.17
4955.31,3.57,3.58,-4.73,-4.72,4.72,4.83,8.29,8.30,8.29
5004.87,3.81,3.82,-4.62,-4.62,4.54,4.62,8.36,8.36,8.44
5054.91,4.11,4.13,-4.48,-4.47,4.35,4.37,8.46,8.47,8.59
5105.46,4.51,4.52,-4.26,-4.25,4.12,4.11,8.63,8.64,8.77
5156.52,4.98,4.98,-3.97,-3.97,3.87,3.85,8.85,8.85,8.95
5208.08,5.49,5.50,-3.64,-3.64,3.59,3.60,9.08,9.09,9.14
5260.16,6.03,6.02,-3.29,-3.30,3.29,3.38,9.33,9.32,9.32
5312.77,6.52,6.52,-2.97,-2.97,3.02,3.18,9.54,9.54,9.49
5365.89,6.96,6.96,-2.70,-2.70,2.79,3.02,9.74,9.74,9.65
5419.55,7.31,7.29,-2.49,-2.51,2.62,2.88,9.94,9.91,9.80
5473.75,7.51,7.51,-2.42,-2.42,2.54,2.80,10.05,10.05,9.93
5528.49,7.61,7.61,-2.44,-2.45,2.54,2.74,10.15,10.15,10.05
5583.77,7.62,7.60,-2.54,-2.56,2.62,2.73,10.24,10.22,10.16
5639.61,7.51,7.51,-2.74,-2.74,2.76,2.73,10.28,10.27,10.25
5696.00,7.38,7.37,-2.95,-2.96,2.95,2.80,10.32,10.32,10.33
5752.96,7.23,7.21,-3.17,-3.18,3.14,2.87,10.37,10.35,10.40
5810.49,7.07,7.06,-3.37,-3.37,3.33,2.98,10.40,10.38,10.44
5868.60,6.94,6.92,-3.52,-3.53,3.48,3.10,10.42,10.40,10.46
5927.28,6.84,6.82,-3.62,-3.62,3.58,3.18,10.42,10.39,10.46
5986.56,6.78,6.75,-3.65,-3.64,3.61,3.25,10.39,10.36,10.44
6046.42,6.78,6.72,-3.59,-3.60,3.57,3.18,10.34,10.29,10.37
6106.89,6.79,6.73,-3.48,-3.47,3.45,3.09,10.25,10.18,10.27
6167.96,6.84,6.76,-3.30,-3.27,3.25,2.84,10.10,10.01,10.14
6229.64,6.93,6.81,-3.03,-3.01,2.97,2.55,9.90,9.78,9.95
6291.93,7.04,6.88,-2.69,-2.67,2.62,2.17,9.65,9.50,9.73
6354.85,7.17,6.97,-2.29,-2.25,2.19,1.78,9.37,9.16,9.47
6418.40,7.36,7.06,-1.78,-1.77,1.72,1.38,9.08,8.78,9.14
6482.58,7.56,7.16,-1.22,-1.24,1.21,0.98,8.77,8.37,8.78
6547.41,7.78,7.23,-0.61,-0.69,0.69,0.63,8.47,7.92,8.40
6612.88,8.00,7.27,0.04,-0.14,0.18,0.28,8.18,7.45,7.96
6679.01,8.19,7.23,0.67,0.37,-0.28,-0.03,7.90,6.95,7.52
6745.80,8.34,7.12,1.27,0.80,-0.69,-0.33,7.64,6.43,7.07
6813.26,8.41,6.92,1.79,1.14,-1.03,-0.59,7.37,5.89,6.62
6881.39,8.39,6.65,2.20,1.38,-1.30,-0.85,7.09,5.34,6.19
6950.21,8.30,6.31,2.53,1.55,-1.50,-1.08,6.80,4.81,5.78
7019.71,8.12,5.95,2.73,1.65,-1.65,-1.30,6.48,4.30,5.39
7089.91,7.87,5.58,2.82,1.72,-1.75,-1.51,6.12,3.82,5.05
7160.81,7.57,5.22,2.84,1.79,-1.84,-1.71,5.74,3.38,4.73
7232.41,7.24,4.90,2.79,1.87,-1.92,-1.91,5.32,2.98,4.45
7304.74,6.89,4.61,2.68,1.97,-2.02,-2.10,4.87,2.60,4.21
7377.79,6.53,4.36,2.54,2.10,-2.13,-2.28,4.39,2.23,3.98
7451.56,6.16,4.15,2.37,2.26,-2.28,-2.46,3.88,1.88,3.78
7526.08,5.78,3.97,2.17,2.43,-2.44,-2.64,3.33,1.53,3.61
7601.34,5.40,3.82,1.96,2.63,-2.63,-2.81,2.76,1.19,3.44
7677.35,5.02,3.71,1.74,2.84,-2.84,-2.99,2.18,0.86,3.28
7754.13,4.65,3.62,1.53,3.06,-3.07,-3.16,1.59,0.55,3.12
7831.67,4.32,3.55,1.36,3.29,-3.30,-3.33,1.03,0.25,2.97
7909.98,4.04,3.51,1.22,3.52,-3.53,-3.50,0.51,-0.02,2.81
7989.08,3.85,3.50,1.19,3.76,-3.76,-3.67,0.09,-0.26,2.66
8068.98,3.79,3.49,1.26,3.99,-3.98,-3.84,-0.19,-0.49,2.53
8149.67,3.84,3.49,1.42,4.20,-4.19,-4.00,-0.35,-0.69,2.41
8231.16,4.01,3.48,1.70,4.40,-4.37,-4.17,-0.36,-0.89,2.32
8313.47,4.27,3.46,2.02,4.57,-4.54,-4.33,-0.27,-1.08,2.25
8396.61,4.53,3.43,2.34,4.71,-4.69,-4.49,-0.16,-1.26,2.19
8480.57,4.75,3.38,2.62,4.83,-4.82,-4.65,-0.06,-1.44,2.14
8565.38,4.78,3.32,2.72,4.93,-4.93,-4.81,-0.15,-1.61,2.06
8651.03,4.62,3.26,2.68,5.02,-5.03,-4.97,-0.41,-1.77,1.94
8737.54,4.26,3.19,2.48,5.11,-5.12,-5.12,-0.86,-1.93,1.78
8824.92,3.46,3.14,1.98,5.19,-5.21,-5.27,-1.75,-2.07,1.48
8913.17,2.40,3.09,1.33,5.28,-5.30,-5.41,-2.90,-2.21,1.07
9002.30,1.10,3.06,0.55,5.38,-5.39,-5.55,-4.30,-2.34,0.55
9092.32,-0.50,3.04,-0.30,5.48,-5.49,-5.68,-5.99,-2.45,-0.20
9183.25,-1.98,3.04,-0.84,5.58,-5.59,-5.81,-7.57,-2.55,-1.13
9275.08,-3.18,3.06,-0.97,5.68,-5.69,-5.93,-8.87,-2.63,-2.21
9367.83,-3.57,3.09,-0.09,5.78,-5.78,-6.04,-9.35,-2.70,-3.48
9461.51,-3.15,3.12,1.72,5.88,-5.87,-6.15,-9.01,-2.75,-4.87
9556.12,-2.41,3.14,3.91,5.96,-5.94,-6.25,-8.35,-2.80,-6.31
9651.68,-1.52,3.16,6.26,6.03,-6.00,-6.34,-7.53,-2.85,-7.79
9748.20,-0.85,3.16,8.36,6.08,-6.06,-6.42,-6.91,-2.90,-9.21
9845.68,-0.35,3.15,10.22,6.11,-6.11,-6.50,-6.46,-2.96,-10.57
9944.14,-0.07,3.14,11.80,6.14,-6.16,-6.56,-6.23,-3.02,-11.87
10043.58,-0.15,3.12,12.93,6.15,-6.21,-6.63,-6.36,-3.09,-13.08
10144.02,-0.38,3.05,13.87,6.24,-6.26,-6.68,-6.64,-3.21,-14.24
10245.46,-0.75,2.98,14.60,6.32,-6.32,-6.72,-7.07,-3.34,-15.36
10347.91,-1.34,2.92,14.95,6.39,-6.38,-6.76,-7.73,-3.47,-16.30
10451.39,-2.05,2.85,14.97,6.47,-6.45,-6.79,-8.50,-3.61,-17.01
10555.91,-2.85,2.78,14.68,6.54,-6.53,-6.82,-9.38,-3.75,-17.52
10661.46,-3.75,2.71,13.98,6.61,-6.60,-6.84,-10.35,-3.89,-17.73
10768.08,-4.67,2.64,13.09,6.67,-6.67,-6.86,-11.35,-4.03,-17.76
10875.76,-5.53,2.57,12.13,6.74,-6.74,-6.87,-12.26,-4.17,-17.66
10984.52,-6.15,2.50,11.23,6.80,-6.80,-6.88,-12.95,-4.30,-17.38
11094.36,-6.11,2.43,10.59,6.86,-6.86,-6.89,-12.97,-4.43,-16.70
11205.31,-5.54,2.36,10.13,6.91,-6.91,-6.90,-12.45,-4.55,-15.68
11317.36,-4.29,2.29,9.89,6.96,-6.96,-6.90,-11.26,-4.68,-14.18
11430.53,-2.90,2.21,9.62,7.01,-7.01,-6.90,-9.91,-4.80,-12.51
11544.84,-1.73,2.14,9.23,7.06,-7.06,-6.90,-8.79,-4.92,-10.96
11660.29,-0.87,2.07,8.70,7.11,-7.11,-6.90,-7.97,-5.04,-9.56
11776.89,-0.31,2.00,8.15,7.15,-7.15,-6.90,-7.46,-5.15,-8.47
11894.66,0.12,1.92,7.71,7.19,-7.19,-6.90,-7.06,-5.26,-7.58
12013.60,0.48,1.85,7.37,7.23,-7.23,-6.90,-6.74,-5.37,-6.88
12133.74,1.02,1.78,7.32,7.26,-7.26,-6.90,-6.23,-5.48,-6.29
12255.08,1.72,1.70,7.44,7.29,-7.29,-6.90,-5.57,-5.59,-5.72
12377.63,2.48,1.63,7.62,7.32,-7.32,-6.90,-4.84,-5.69,-5.14
12501.41,3.18,1.55,7.67,7.35,-7.35,-6.90,-4.16,-5.79,-4.48
12626.42,3.67,1.48,7.41,7.37,-7.37,-6.90,-3.69,-5.89,-3.74
12752.68,3.98,1.40,6.96,7.39,-7.39,-6.90,-3.41,-5.99,-2.99
12880.21,4.00,1.33,6.29,7.41,-7.41,-6.90,-3.41,-6.08,-2.30
13009.01,3.87,1.25,5.54,7.42,-7.42,-6.90,-3.55,-6.17,-1.67
13139.10,3.75,1.17,4.89,7.44,-7.44,-6.90,-3.68,-6.26,-1.14
13270.49,3.70,1.10,4.43,7.45,-7.45,-6.91,-3.75,-6.35,-0.73
13403.20,4.01,1.02,4.47,7.45,-7.45,-6.91,-3.45,-6.43,-0.46
13537.23,4.60,0.94,4.82,7.46,-7.46,-6.91,-2.86,-6.52,-0.22
13672.60,5.48,0.86,5.46,7.46,-7.46,-6.91,-1.98,-6.60,0.02
13809.33,6.70,0.78,6.34,7.46,-7.46,-6.92,-0.76,-6.68,0.36
13947.42,7.96,0.70,7.15,7.46,-7.46,-6.92,0.50,-6.75,0.81
14086.90,9.24,0.63,7.87,7.45,-7.45,-6.92,1.79,-6.82,1.37
14227.77,10.48,0.55,8.41,7.44,-7.44,-6.93,3.04,-6.90,2.07
14370.04,11.51,0.47,8.65,7.43,-7.43,-6.93,4.08,-6.96,2.86
14513.74,12.34,0.39,8.64,7.42,-7.42,-6.93,4.92,-7.03,3.69
14658.88,12.79,0.30,8.30,7.40,-7.40,-6.93,5.39,-7.09,4.49
14805.47,12.86,0.22,7.78,7.38,-7.38,-6.93,5.48,-7.16,5.09
14953.52,12.67,0.14,7.17,7.36,-7.36,-6.94,5.31,-7.22,5.50
15103.06,12.13,0.06,6.49,7.33,-7.33,-6.94,4.80,-7.27,5.63
15254.09,11.13,-0.02,5.77,7.31,-7.31,-6.94,3.82,-7.33,5.35
15406.63,9.83,-0.10,5.01,7.28,-7.28,-6.94,2.56,-7.38,4.83
15560.70,8.24,-0.19,4.19,7.24,-7.24,-6.94,0.99,-7.43,4.04
15716.30,6.28,-0.27,3.30,7.21,-7.21,-6.94,-0.92,-7.48,2.99
15873.47,4.38,-0.35,2.49,7.17,-7.17,-6.94,-2.79,-7.52,1.89
16032.20,2.59,-0.44,1.83,7.13,-7.13,-6.94,-4.53,-7.57,0.76
16192.52,1.67,-0.52,1.96,7.08,-7.08,-6.94,-5.42,-7.61,-0.30
16354.45,1.29,-0.61,2.60,7.04,-7.04,-6.93,-5.75,-7.65,-1.32
16517.99,1.27,-0.69,3.58,6.99,-6.99,-6.93,-5.72,-7.68,-2.31
16683.17,1.35,-0.78,4.64,6.94,-6.94,-6.93,-5.59,-7.72,-3.29
16850.01,1.25,-0.86,5.43,6.88,-6.88,-6.93,-5.64,-7.75,-4.18
17018.51,0.98,-0.95,5.95,6.83,-6.83,-6.92,-5.85,-7.78,-4.97
17188.69,0.46,-1.04,6.01,6.77,-6.77,-6.92,-6.31,-7.80,-5.55
17360.58,-0.33,-1.12,5.70,6.71,-6.71,-6.91,-7.03,-7.83,-6.03
17534.18,-1.27,-1.21,5.30,6.64,-6.64,-6.91,-7.91,-7.85,-6.57
17709.53,-2.39,-1.30,4.87,6.57,-6.57,-6.91,-8.97,-7.87,-7.27
17886.62,-3.77,-1.39,4.65,6.50,-6.50,-6.90,-10.27,-7.89,-8.42
18065.49,-5.28,-1.47,4.54,6.43,-6.43,-6.90,-11.71,-7.90,-9.82
18246.14,-6.92,-1.56,4.55,6.35,-6.35,-6.89,-13.28,-7.92,-11.47
18428.60,-8.50,-1.65,4.67,6.28,-6.28,-6.89,-14.78,-7.93,-13.17
18612.89,-9.67,-1.74,5.02,6.20,-6.20,-6.88,-15.86,-7.94,-14.69
18799.02,-10.39,-1.83,5.63,6.11,-6.11,-6.87,-16.50,-7.94,-16.02
18987.01,-10.26,-1.92,6.87,6.03,-6.03,-6.87,-16.29,-7.95,-17.13
19176.88,-9.98,-2.01,8.33,5.94,-5.94,-6.86,-15.91,-7.95,-18.31
19368.65,-9.65,-2.10,9.91,5.85,-5.85,-6.86,-15.50,-7.95,-19.57
19562.33,-9.52,-2.19,11.52,5.75,-5.75,-6.85,-15.27,-7.95,-21.04
19757.96,-9.49,-2.29,12.51,5.65,-5.65,-6.85,-15.14,-7.94,-21.99
19955.54,-9.49,-2.38,13.05,5.55,-5.55,-6.84,-15.05,-7.93,-22.54
